Wall time,Step,Value
1536865381.374876,0,0.9043985605239868
1536865467.9251978,1,0.9718523025512695
1536865554.6779778,2,0.9923691749572754
1536865641.380917,3,0.9936649799346924
1536865728.4455752,4,0.9958246350288391
1536865815.7704327,5,0.9970484375953674
1536865905.6086197,6,0.9894896149635315
1536865992.837726,7,0.9932330250740051
1536866080.0163102,8,0.9947447776794434
1536866169.2144058,9,0.9984882473945618
