Wall time,Step,Value
1536865381.3745549,0,0.8846195936203003
1536865467.9248111,1,0.4353829324245453
1536865554.677715,2,0.21139204502105713
1536865641.3806605,3,0.11317061632871628
1536865728.4451656,4,0.06296069175004959
1536865815.7701755,5,0.04635826125741005
1536865905.608269,6,0.0491429939866066
1536865992.8374224,7,0.03517116978764534
1536866080.0159879,8,0.03225208818912506
1536866169.2140124,9,0.011735115200281143
