Wall time,Step,Value
1536867451.7463863,0,1.3124072551727295
1536867612.8173835,1,1.2563586235046387
1536867772.9968998,2,0.9646391868591309
1536867933.1016846,3,0.9806478023529053
1536868101.9385078,4,1.3776065111160278
