Wall time,Step,Value
1536867451.7467601,0,0.6428226232528687
1536867612.8177428,1,0.677128255367279
1536867772.997208,2,0.7239232659339905
1536867933.1019888,3,0.7085532546043396
1536868101.9388483,4,0.6743886470794678
